<?xml version="1.0" encoding="UTF-8"?>
<project-private xmlns="http://www.netbeans.org/ns/project-private/1">
    <editor-bookmarks xmlns="http://www.netbeans.org/ns/editor-bookmarks/2" lastBookmarkId="0"/>
    <open-files xmlns="http://www.netbeans.org/ns/projectui-open-files/2">
        <group>
            <file>file:/C:/Users/khwaj/NetBeansApps/MandalaBus/web/home.jsp</file>
            <file>file:/C:/Users/khwaj/NetBeansApps/MandalaBus/src/java/CancelLogic.java</file>
            <file>file:/C:/Users/khwaj/NetBeansApps/MandalaBus/web/CancelPage.jsp</file>
            <file>file:/C:/Users/khwaj/NetBeansApps/MandalaBus/build.xml</file>
        </group>
    </open-files>
</project-private>
